,nth_percentile,m_prop,f_prop,avg_motivation,avg_anxiety,avg_interest,avg_work_ethic,avg_parents,avg_behavior,avg_self,m_motivation,m_anxiety,m_interest,m_work_ethic,m_parents,m_behavior,m_self,f_motivation,f_anxiety,f_interest,f_work_ethic,f_parents,f_behavior,f_self
0,0.0,0.4952233825619477,0.5047766174380522,2.9888860995094246,2.495314304301955,2.445060508133538,2.8662646495522783,3.066485499107039,1.6774275345802183,2.48289029130339,3.038537767727178,2.4104709273119114,2.5117767570530054,2.831092458056122,3.097665499091051,1.7589557294087956,2.598975153429007,2.9407720741029935,2.5775099424269206,2.3804825600121258,2.900184657422665,3.0363024842208572,1.5990055130383676,1.5990055130383676
1,0.01,0.49503677426737547,0.5049632257326245,2.98821059483567,2.4924717868082635,2.443033933103772,2.8659570882319856,3.065976454761784,1.6741711910194874,2.483480046852216,3.038608357450598,2.4073560831455447,2.5099611544554064,2.8305727742222673,3.0974565595096735,1.754949452401011,2.5993401187785534,2.9393699038675085,2.574963553560276,2.3782374764547165,2.9000862104174585,3.035496243122684,1.5964545782031985,1.5964545782031985
2,0.02,0.4950724162499921,0.5049275837500079,2.987724966439899,2.489370669097661,2.441164338446288,2.8656583410647434,3.0655350757290907,1.6708865152126062,2.4845799880248336,3.038781949725391,2.4040743771719133,2.5081943588622315,2.830069896035403,3.0974569344494225,1.7511461014026057,2.6003842355927773,2.9381983620308767,2.5721084274635713,2.376207903945552,2.900015758185124,3.034597557190888,1.5935959192941482,1.5935959192941482
3,0.03,0.4951810273255604,0.5048189726744395,2.9868182384738513,2.485831720664763,2.439022644712943,2.8651282582091078,3.064947817918077,1.6676786380970159,2.485825810196888,3.038347562031352,2.400316393653429,2.505975216885669,2.8291466582099356,3.097179507751954,1.7470244767358918,2.6015476166297087,2.9368010936873814,2.5688805725167243,2.3740991224545347,2.899889346237865,3.033690794195244,1.5912357403250192,1.5912357403250192
4,0.04,0.4955317966575908,0.5044682033424092,2.986120307771767,2.48231553189206,2.43715727661327,2.86496195850398,3.0643122713615,1.6650266494048018,2.4873816811630505,3.038389726919822,2.3969831229383045,2.5042148938608495,2.828665998436409,3.09677520864474,1.7437624528418156,2.60289607711943,2.9353027790111526,2.565334624260741,2.3720292265186136,2.900092522610869,3.0327787602901304,1.5890369658162018,1.5890369658162018
5,0.05,0.4957367424940436,0.5042632575059565,2.985299721554614,2.4789441366747176,2.4353878989477638,2.864696927963483,3.0635449410603153,1.66229481910825,2.4890500579461956,3.0380875724404377,2.393528344422066,2.5023944600900645,2.828141544674857,3.096268924186227,1.7401190615957292,2.604313585108223,2.9339361323255906,2.5621964535730486,2.3702468654110675,2.9001087472343845,3.031728387711081,1.5871088537496665,1.5871088537496665
6,0.06,0.4959162211900797,0.5040837788099203,2.9848546737332478,2.475645252400819,2.433955188503552,2.864535068454966,3.063153448330392,1.6596725017984995,2.490593582245801,3.0380557855056205,2.3900884538600238,2.500988583236649,2.8277005408902975,3.0960264900671515,1.7367605152965602,2.6056865917248655,2.933034792054004,2.5591285114213735,2.368713376051529,2.9002642836795736,3.0311606460350635,1.5851052358455597,1.5851052358455597
7,0.07,0.4961485136673503,0.5038514863326498,2.9841083090354155,2.4720886977445944,2.432277413660993,2.8642412335179306,3.0624979317203698,1.657085776555446,2.4923478791071316,3.0380140085239242,2.3865957893266376,2.4992739257914036,2.827113403754396,3.095773612133399,1.733325714687577,2.6071210836491883,2.9315449328465775,2.555645944135455,2.366999398920759,2.9002955308921208,3.0300828777208966,1.583272622046708,1.583272622046708
8,0.08,0.49637361604204816,0.5036263839579519,2.9834886484996725,2.4683732037371193,2.4310383552176917,2.8642429193887207,3.061970356688481,1.6548202072140676,2.4944701008999433,3.0376313715644634,2.3828226922318625,2.497802751459001,2.8266715282608557,3.0952824571857915,1.730117749765778,2.6087965091196494,2.930631676413919,2.552077692435364,2.3659091839938835,2.9007692626399364,3.0294818195076765,1.5818481655225545,1.5818481655225545
9,0.09,0.49658593772985793,0.5034140622701421,2.9832451437721925,2.464791275764362,2.4299564639055404,2.8642100641925388,3.061667994611788,1.6527854224442704,2.4966788494031014,3.037925909228591,2.379129220089835,2.496756137895942,2.8262695822321082,3.0952724597085512,1.7275106588800115,2.6108314231238308,2.9298205768794006,2.54871282842616,2.3647390827359227,2.901119810929728,3.028869216144901,1.5802998602876268,1.5802998602876268
10,0.1,0.49694732650791545,0.5030526734920846,2.9826702896639055,2.461209581435892,2.4285212882288616,2.863969813153342,3.061085685225716,1.6506483590110943,2.4988621916204505,3.038015344795711,2.375582625213322,2.495264948850747,2.825730646994206,3.095021773343838,1.724677698081011,2.6126393194433835,2.928491379010309,2.5452284969961405,2.3632372027464554,2.901239010484602,3.0279009776061336,1.5786943657715526,1.5786943657715526
11,0.11,0.4970296571435184,0.5029703428564817,2.9821962518799263,2.4576096234536995,2.4275306898850846,2.8638059102598885,3.060686976573031,1.6485165630649774,2.5009694790945556,3.0379591778085913,2.3717742345920283,2.4940861455074885,2.825253234395692,3.09474010883617,1.7217178005959337,2.6148102280177103,2.9275648966721097,2.5418687640066326,2.3623760804374667,2.9014157412027233,3.02735787748735,1.5772969986783953,1.5772969986783953
12,0.12,0.4972440861951538,0.5027559138048462,2.981749155344691,2.4539814956361012,2.4264034818966604,2.8638084276631903,3.060215612602963,1.646548304088459,2.5030204206702424,3.0379047943913027,2.3679430124111107,2.492911648633299,2.8250984582328043,3.0945464444226203,1.7193524063066916,2.6166666666666005,2.926652377629349,2.5385261517147732,2.3612050936137106,2.9016273440621445,3.0265666130674114,1.5755990068057522,1.5755990068057522
13,0.13,0.4976479027626193,0.5023520972373807,2.981607451158564,2.450207859670963,2.425672991413118,2.863862441671452,3.059793089433628,1.6446795886075949,2.505381299844814,3.038249222919477,2.363913778780119,2.492123552123552,2.8248788306742565,3.0942104242325534,1.7168374566198483,2.618680363022749,2.925908504365002,2.5351250346712093,2.3603853407227033,2.9020340127438136,3.0259816690794983,1.574203350256761,1.574203350256761
14,0.14,0.4979656154282745,0.5020343845717256,2.9814810730943533,2.4466868242830317,2.4247365627660633,2.863913494472873,3.0592572358091044,1.6428540869131725,2.507401057080902,3.038629224637359,2.360357241865167,2.491073751179885,2.824713892510187,3.0939846452383257,1.7144284016011075,2.620529184749087,2.9252120854031265,2.5317751488031104,2.3594775901147913,2.9023529460062276,3.0250969020638636,1.5728498995503684,1.5728498995503684
15,0.15,0.4982577384039042,0.5017422615960958,2.9815110179164295,2.4430278734639828,2.4241671793151016,2.864059356082975,3.0589729706164355,1.6412955153357385,2.509964457075244,3.0389769144945227,2.356448596715823,2.49045851708827,2.8246122235166857,3.0937209990627412,1.712353931772738,2.62306694284472,2.9248416085775046,2.5284750397885682,2.3588615370951507,2.902794605239785,3.024739863254524,1.5716949272448357,1.5716949272448357
16,0.16,0.49847147280398324,0.5015285271960167,2.9813016552232408,2.439444759163915,2.423726065414288,2.8642524574945845,3.058527969138678,1.6396838137118033,2.5123454720058587,3.039118504220128,2.3528309248224506,2.4898003356851546,2.8245380419441033,3.0933313048336957,1.7100743000276608,2.625318357802673,2.92423472627969,2.525019651711372,2.3585721667627744,2.9032931463541707,3.0242070993496735,1.5706652352431536,1.5706652352431536
17,0.17,0.49878678714440955,0.5012132128555905,2.9812833512728156,2.4358270608735544,2.423072008848545,2.8643891420747214,3.0582418310127117,1.6380912357095598,2.5148565238008858,3.039583715877096,2.349106431681388,2.489301559765421,2.8245539896362883,3.093278484744412,1.7080360608648397,2.6277872937382654,2.9236501357616644,2.5216365945856354,2.3576648422457054,2.90361503198353,3.023639387335884,1.5693964728487122,1.5693964728487122
18,0.18,0.4993632461135406,0.5006367538864593,2.9810001000754416,2.4319504836797297,2.422490755822481,2.8644299797770345,3.057910827892649,1.6366647790517557,2.5177500292659936,3.039598410342055,2.3453986866792853,2.488829935772131,2.8245389762514765,3.093063736537741,1.7063897625752003,2.630277910538919,2.922910215531778,2.51780095374727,2.3567886391223514,2.9038228720428054,3.0230944867756486,1.5679912317972884,1.5679912317972884
19,0.19,0.4998359892897192,0.5001640107102808,2.9809237769129786,2.4281832720170784,2.4219437836655455,2.8644965998031524,3.0576388236630625,1.6351398312259549,2.520444270716084,3.0400199366717486,2.3416676543327988,2.4882864582516353,2.824463971694007,3.0929165291471477,1.7044462634975501,2.6328140962185125,2.9222391733047623,2.5141878676962706,2.356120972071995,2.904100664259351,3.022641636913324,1.5667449047451394,1.5667449047451394
20,0.2,0.5002239912669152,0.4997760087330848,2.9810724650253144,2.4243243674168227,2.4216525004941687,2.8647361925239214,3.057305447726369,1.6338543140310118,2.523340205856002,3.0406363427884577,2.337957690802755,2.4881292338933574,2.824503571358129,3.092834717641667,1.7026164421997756,2.6352621974644115,2.921835555031261,2.5103927420318652,2.3556043315154,2.9046043320733714,3.022009027860656,1.5658860749463142,1.5658860749463142
21,0.21,0.5006945584667069,0.4993054415332932,2.9810881945636165,2.4206574208875606,2.4214458053080348,2.8649340174361044,3.057094861421122,1.63251510178076,2.526125710959356,3.040969712476413,2.3345370019129326,2.4877904505241544,2.8244763890013846,3.092672367603912,1.700817961519135,2.6375872584467315,2.921414229141933,2.5066591440316945,2.3554025677466743,2.9051058461325097,3.0216821462957304,1.564876643284804,1.564876643284804
22,0.22,0.5011876233808734,0.49881237661912653,2.98096847711449,2.4165446744586667,2.4211431962826575,2.8650897349243416,3.0566052034013813,1.6312308395687654,2.5291388912758994,3.0409439714075477,2.3304105117115017,2.4871617565945296,2.8244785280548212,3.0924003609204838,1.6991035872896216,2.6403343748465904,2.921057414258251,2.502748486902916,2.355271570666645,2.9055147355961624,3.0208936502663835,1.563847830861717,1.563847830861717
23,0.23,0.5018040692527221,0.49819593074727786,2.98146195981463,2.4123745708734603,2.421243207525487,2.8655451415243327,3.0564711721298368,1.6300333870834367,2.532415297283571,3.041801682377586,2.3266076101943307,2.4874396710223916,2.824908664292288,3.0923848069061446,1.6977256714190982,2.6433096668486655,2.9210490742257904,2.498485614581943,2.3550402232802496,2.906089666547484,3.020557241924409,1.562664989275697,1.562664989275697
24,0.24,0.5021718689453903,0.4978281310546097,2.9817532322134963,2.4082110748970798,2.4212329194224926,2.8659074186117617,3.056242066698478,1.6290419487604622,2.5357642038772408,3.042235088504005,2.322544965456237,2.4873191867662574,2.8250610495474864,3.0923446304166182,1.6961875602902319,2.6464854183586652,2.921124737414582,2.494383986420118,2.355054828940362,2.9067167313471725,3.0200919409892073,1.5621259111883903,1.5621259111883903
25,0.25,0.5025289275260444,0.4974710724739556,2.9820870507586066,2.4041495501616446,2.4212983627819233,2.8662823883132096,3.056187742697083,1.628063117499894,2.5389483627203173,3.0427873168114288,2.318379598704685,2.4874128549923893,2.8252465091652414,3.092292260229447,1.6946948285081354,2.649552092073212,2.9211394706714255,2.490572789312747,2.3549909332433687,2.9073542617016908,3.019977004886843,1.5615398140851278,1.5615398140851278
26,0.26,0.5029008695652174,0.4970991304347826,2.9823743042908446,2.39970934982109,2.42136589340409,2.8665518944355104,3.0562304636546385,1.6270196011905018,2.5424328378796868,3.043442650778293,2.313996422366252,2.4874165645007493,2.8252082938563,3.0923971018702505,1.6931367158639885,2.652898333147418,2.9209766191654576,2.486230938701479,2.3550362510900977,2.9079836385516575,3.0199091532399707,1.5609246313583702,1.5609246313583702
27,0.27,0.5034827385887436,0.49651726141125646,2.9823913446570334,2.395725639193789,2.421300239063804,2.8668597396273108,3.0560767778487916,1.6260035551416836,2.545772826561721,3.0437899457081987,2.3096403600731725,2.4873465167377535,2.8252767293585,3.0923492877940073,1.6918558910206813,2.6563099714307774,2.9205073812719164,2.4828174989262832,2.354800718350916,2.908630992339028,3.0195604408348906,1.5600054889045716,1.5600054889045716
28,0.28,0.5037465608859043,0.49625343911409564,2.9827315575920808,2.3915538496198723,2.4212851757692646,2.867228569459605,3.0560620640054417,1.625099250985893,2.5492604074401055,3.044281598941698,2.3053837040937633,2.487210490017198,2.8254242958487032,3.092450628628498,1.690480593124824,2.659489696298023,2.9205920341619,2.478881932339675,2.354806194043647,2.909287604517657,3.0193694130937967,1.5594647750375674,1.5594647750375674
29,0.29,0.5042270916565676,0.49577290834343235,2.9828558643178678,2.3878850001570786,2.4212195511966312,2.8673655978296178,3.0561313992105057,1.6242256948634408,2.552264648858124,3.0448574499577106,2.3016017696756865,2.4870602426673973,2.8253424963581053,3.092577827389215,1.6890997361994902,2.6622891845202803,2.920133689839572,2.4755047543438904,2.3546814857153064,2.9097363012083823,3.0193071965630343,1.5589660489676627,1.5589660489676627
30,0.3,0.5046747118388769,0.4953252881611231,2.983223422475759,2.3835454590865788,2.4214534868000035,2.8677110689337137,3.0559355470216323,1.6231740904454268,2.5558090936820137,3.0454961552544857,2.297002925950973,2.4871048364701562,2.8254228453201122,3.0923833644683736,1.6877562724661765,2.6656728270285517,2.9201114208649375,2.471609439700991,2.3549876205073326,2.9104330278397237,3.0190444157592817,1.5580810264626364,1.5580810264626364
31,0.31,0.5050670231686502,0.4949329768313499,2.983689334992547,2.379217657946791,2.4216372211203625,2.8680799746495356,3.0557864018065404,1.6220591276771763,2.5594111238319326,3.0461204361398906,2.292632251003326,2.487395053324257,2.8257125382260955,3.0923747038788627,1.6864399220551103,2.669133725819974,2.9203125861150405,2.467482380943528,2.3549545776689644,2.910958013778439,3.0186893756266895,1.5570623060440372,1.5570623060440372
32,0.32,0.5055477640829605,0.4944522359170395,2.9841006158929058,2.374726373739798,2.422022210779743,2.868417286367021,3.055640300617418,1.6212188881840401,2.5631923457170536,3.0468408736349453,2.2885802269343927,2.4878433231471595,2.825897568685137,3.0921429472332487,1.6853630992134165,2.6725289391004106,2.9202881303726933,2.4627412817339076,2.355144163775286,2.9115318340751055,3.0185593170021625,1.5563356164383562,1.5563356164383562
33,0.33,0.5060506422469424,0.4939493577530576,2.984783639068388,2.3706797000184605,2.4226404975395877,2.8688290148105673,3.055786657108108,1.6204092370997494,2.5665679671866126,3.0477105801413167,2.284694728361218,2.488494894390824,2.826198045596959,3.0922617099724232,1.6842136172291964,2.675655374445991,2.920648043739873,2.4587572573292906,2.3555956935754905,2.9121387652190336,3.018659687524771,1.5557432432432432,1.5557432432432432
34,0.34,0.5065130416872117,0.49348695831278827,2.9854343826266017,2.366615328341126,2.4232810932199342,2.86940387299193,3.055789482088263,1.6197123143576246,2.570102107782359,3.0487619604808724,2.2803568713895217,2.4893246517262266,2.8266029013229512,3.0924883832010153,1.6830321811680573,2.6791086987572856,2.9207916738908475,2.4551656197573095,2.355938664041843,2.9129478621331044,3.0183795078160607,1.555440084784313,1.555440084784313
35,0.35000000000000003,0.5071544447542521,0.4928455552457479,2.9860667557000737,2.36241850015917,2.4237433852810075,2.8700143740533606,3.0558773324775146,1.6189510329258838,2.57365152746883,3.049346289583672,2.276039760359123,2.4896471840916283,2.8270106548440492,3.092649595670062,1.6820124573560253,2.68261847529126,2.921268865014152,2.4512696541269774,2.3563362178921134,2.91390565394693,3.0182779094660313,1.554742236085964,1.554742236085964
36,0.36,0.5075865750746115,0.4924134249253885,2.986756763391761,2.3583144580527104,2.4244620070961425,2.8704097436791285,3.0560731675222232,1.6184027949542419,2.5774194029330206,3.049678570389691,2.2720797609515526,2.489632254990617,2.8270887991429787,3.0924258827583473,1.6809830902019183,2.685825292125778,2.922210231059212,2.447195466851839,2.3576833788334697,2.914703889385373,3.0188424182489237,1.5545768842614334,1.5545768842614334
37,0.37,0.5081271183947756,0.49187288160522435,2.987270487183196,2.354029402729172,2.4250504929309895,2.8709498011652106,3.0558669674942145,1.6175141200353755,2.5811922737026816,3.0503699585764465,2.267632687447397,2.490295812448198,2.827421659521976,3.092416264153872,1.6798147743198784,2.689453505234471,2.9223919025554905,2.4432898482459016,2.358041143088772,2.9155617767693958,3.018346914859533,1.553816780317273,1.553816780317273
38,0.38,0.5087797362094385,0.49122026379056144,2.9880458960574385,2.349385658895331,2.426048935068101,2.8714915832157257,3.056115813885936,1.6169390233944392,2.585467301942103,3.0512843542302854,2.263219384677308,2.49092801457122,2.8278930317407336,3.0925001924227846,1.6789393313241476,2.693633185220973,2.922820190833016,2.4386259033258915,2.359208586363683,2.9163127103237176,3.0186496572967867,1.5533504595122658,1.5533504595122658
39,0.39,0.509338347996948,0.490661652003052,2.9888297790160525,2.344849282160244,2.4270350547601596,2.871825632442371,3.0559280062817997,1.6162914777972555,2.5899858191523477,3.0524203763566167,2.2590068577027296,2.4919397449575778,2.827960263691989,3.092476100173512,1.6778676907018155,2.697677652905702,2.923115588413932,2.434032718058533,2.3600362915491035,2.9170091235685534,3.018226373025083,1.5530174770757972,1.5530174770757972
40,0.4,0.5099326610882682,0.4900673389117318,2.9894695644889366,2.340038472108151,2.427875962239795,2.8723016461335793,3.0562412172444815,1.615512051368563,2.5944471525759996,3.0530410584035472,2.254484609247984,2.4920823232062723,2.8279739842593368,3.092795208076511,1.6765452137329246,2.701714024687732,2.92358541864358,2.4291082850640064,2.361407471485326,2.9180884310536337,3.0184304823900603,1.5526222129454204,1.5526222129454204
41,0.41000000000000003,0.5103095661885317,0.48969043381146826,2.990597012542638,2.3357167415179267,2.428607808941724,2.872931232190561,3.056529057059252,1.6148839208712096,2.598309768118146,3.0546858677029793,2.2502515207005316,2.4928217510632504,2.8286070643055647,3.0931260750905682,1.675650699739509,2.7055293658577337,2.924054992136233,2.42483594144371,2.362007148987951,2.918804588639166,3.01860061505799,1.5521597613812022,1.5521597613812022
42,0.42,0.5108139196375953,0.48918608036240474,2.9915471949410404,2.330793269231184,2.429711068909387,2.873334306444588,3.0568704388010706,1.6144597518242607,2.6027168256957665,3.0558545933263264,2.2450807839950984,2.49403051013456,2.82894700696663,3.0934173519880366,1.6751331525816062,2.710080360012822,2.924625183679332,2.4203375819658306,2.3628491434642114,2.919388957666293,3.0189005152327355,1.5516812662859678,1.5516812662859678
43,0.43,0.511196199902469,0.488803800097531,2.992667874688815,2.326112574903966,2.4305691245384247,2.8738418902153557,3.0574245586461286,1.6140489202731465,2.6075819397991795,3.057173303118593,2.2403951916179925,2.494879632134163,2.82920547532861,3.0939990954315864,1.6744173699972775,2.7150128002614142,2.9254224132112405,2.4158421699358223,2.3635941091630235,2.9202405689476625,3.019357073993193,1.551476730141888,1.551476730141888
44,0.44,0.5118252929673142,0.4881747070326859,2.9937728403919017,2.321575700691903,2.432017334449269,2.874548113232637,3.05747586235492,1.61371988019764,2.611945698278251,3.058498738896809,2.236190918028128,2.4963769311122106,2.8298675466471157,3.0938249268195444,1.6738289678982836,2.7191085129703656,2.9261023594964573,2.411115487084442,2.3648027146827126,2.9211382427443806,3.019536722512665,1.5512278108210715,1.5512278108210715
45,0.45,0.5121832577492405,0.4878167422507596,2.9950743833709814,2.316966690454117,2.433398693184092,2.8752340450604783,3.0578331536749843,1.6136043381432885,2.616671669013761,3.0598090258422705,2.231583441952496,2.4972444245710133,2.830334344904248,3.0939814347501224,1.6734932338946444,2.723883320193672,2.927248569092396,2.406608625896558,2.3665793106675714,2.922157508495168,3.0200216640655784,1.5512054194062563,1.5512054194062563
46,0.46,0.5127538375896963,0.4872461624103037,2.9964372271979633,2.312155580173061,2.4349117595666607,2.875982530470739,3.0581622021648993,1.6131039745516422,2.621315070103605,3.0612742595932443,2.2269406706006536,2.4986124222330903,2.8310173494737016,3.094549050933331,1.672712915703463,2.7285824000733188,2.9283040907790596,2.4017506522863044,2.36805066434276,2.9231092077544374,3.0199916202783252,1.5508214657244324,1.5508214657244324
47,0.47000000000000003,0.5135922103939062,0.48640778960609377,2.9975740793335226,2.3075754320637745,2.4361952223124765,2.8765047472870795,3.05836242632709,1.6127880191189339,2.6255159699275286,3.0622644770959377,2.2225950470875846,2.49948000924428,2.8312516764042925,3.0948124618387043,1.67197473520213,2.732228476859738,2.9293106173920447,2.3971946344932324,2.3695034035972187,2.924128188030073,3.0199639313958033,1.5507015928383256,1.5507015928383256
48,0.48,0.5143649363252857,0.4856350636747143,2.9988036472916866,2.3027063558267904,2.4378329835934713,2.876927330125193,3.0584643504153033,1.6126380880121396,2.6307093827098456,3.063449125689473,2.21785024926881,2.501112117966884,2.8317903250277774,3.0948305038048285,1.671525977484996,2.736905835984573,2.9303775061489157,2.39250839641083,2.3709446683584616,2.9245830756285427,3.0200385885243586,1.5506661642146176,1.5506661642146176
49,0.49,0.5151116474096913,0.4848883525903087,3.0001567639012694,2.2979977801344127,2.439529568319174,2.8774238169781117,3.059074310924459,1.6123364598662,2.6353744542705058,3.064571275135748,2.21350452881098,2.5023845711960555,2.83211376223587,3.0950185867649362,1.6709838946532174,2.7412854227792036,2.93171991885381,2.3876493667488754,2.3728463325757674,2.9254354538784573,3.02095216269385,1.5503918963588283,1.5503918963588283
50,0.5,0.5156542835606338,0.4843457164393662,3.001719150965297,2.2930342623939763,2.4414566513242284,2.8780527836592915,3.059550684610153,1.6120400229712417,2.640341168705712,3.065943924096825,2.2085898459083118,2.503662702043306,2.8323651996979855,3.095199060365915,1.67031819352939,2.745695788100297,2.9333007217737235,2.382819843342029,2.3752838660282114,2.926594721502961,3.021635783190564,1.5503122076099387,1.5503122076099387
51,0.51,0.5165756531966731,0.4834243468033269,3.0032237111554805,2.2884068251289986,2.443508405112977,2.8784581906373377,3.0600172378317096,1.6121394872851083,2.6454994081996315,3.067250303375517,2.2042168900436194,2.5056010928961747,2.8325204949405554,3.0955388096566416,1.6703510951821974,2.750205349093428,2.9347435965353745,2.3782576817969616,2.3771967054392085,2.9274647019431006,3.02208715159045,1.5502267867341382,1.5502267867341382
52,0.52,0.5175256493840716,0.48247435061592836,3.0048412703597958,2.283041405468385,2.445382580569124,2.8790065107514944,3.0607875325595533,1.611926875262826,2.6511052259651877,3.0687224864087588,2.1991166212672884,2.5069672856998277,2.833044812220174,3.096109355900921,1.6698673917191376,2.7553814748660033,2.9361988343724588,2.3729884587050574,2.3793092917831644,2.928264925940023,3.0229005902069237,1.550019027685282,1.550019027685282
53,0.53,0.5182047813543814,0.48179521864561853,3.0060497307528258,2.2779849191524537,2.4475125391535486,2.879931391931069,3.061113530049794,1.6119165298394933,2.6565597196007764,3.070083641689793,2.1943769785666043,2.5088157233595734,2.8341352643195563,3.096487599744342,1.6699488963158713,2.76066324208332,2.9370361138805805,2.3678341373636655,2.381531325401448,2.929178193198569,3.023062341550254,1.5497125758480401,1.5497125758480401
54,0.54,0.5189645061797477,0.4810354938202524,3.007654486725181,2.27264781667668,2.4499515120059003,2.8808952452614127,3.061520302819554,1.6119350959891472,2.662327959916275,3.072003935716628,2.1891961329624996,2.5114890733748205,2.8352553444880115,3.0963813546266783,1.669946773340386,2.76624138709287,2.938098243026702,2.362636201356601,2.38353261101092,2.93010737307845,3.0239176549304614,1.5495635112463388,1.5495635112463388
55,0.55,0.5198907063809532,0.48010929361904675,3.009213652229042,2.26698045607207,2.452087886002332,2.881591918452444,3.061838610446831,1.6120846931772022,2.6682060315668736,3.0737359738625103,2.184375464533279,2.513545359329681,2.8358651502842758,3.0967969356911964,1.6699275949093755,2.7712698950219545,2.9392309926657467,2.3564165215736605,2.385524076848122,2.931063554142761,3.0240035769651294,1.549687722925068,1.549687722925068
56,0.56,0.5208201700809219,0.47917982991907815,3.0108165112119765,2.261841103915906,2.4542179343440473,2.88248382944326,3.062079287331525,1.6120074284199744,2.673646006610438,3.0748509951881013,2.1797239724799287,2.5152721988401905,2.8366728558023064,3.0966473225331095,1.669707199448846,2.776136771982136,2.9410989894179105,2.3510583159817524,2.3878372335668505,2.9322335800022383,3.0245196186829673,1.5495289000954882,1.5495289000954882
57,0.5700000000000001,0.5219092032059446,0.4780907967940554,3.0125800032074177,2.2565036710721498,2.45701954968513,2.883302950078709,3.0625891304780968,1.6122085610867685,2.679186613442333,3.0764522792619267,2.174900460064379,2.5178171537341845,2.8372108334861323,3.0968778953865534,1.6693623245478326,2.780988249897678,2.9427528381347656,2.3455676181993126,2.3906340740287924,2.9335809385056404,3.025167253970355,1.5500489476260402,1.5500489476260402
58,0.58,0.5226170847564088,0.4773829152435913,3.0141242726858524,2.2503616071766306,2.4597735778443113,2.884393567290823,3.0632998806520293,1.612205640590633,2.6853034203194275,3.077949578631624,2.1691991017963357,2.5208992738782348,2.8383813593578178,3.0973223776821954,1.6694926535135057,2.7866862923358364,2.94416654924616,2.3392874603749396,2.392853222948712,2.9347128590248737,3.0260654938763496,1.5497359707488545,1.5497359707488545
59,0.59,0.5235265156843438,0.4764734843156562,3.0160611642767603,2.244881422772825,2.4624036826544526,2.8852184231483804,3.0637670248976185,1.6123671132072572,2.691114596289916,3.0799040130705606,2.1636342241898383,2.5232498610420384,2.8392175361528023,3.0976428012514985,1.6693702430280055,2.792586257741029,2.945786566469162,2.3341989522021875,2.3955171083097504,2.935748933077127,3.0265357348251345,1.5499231425444244,1.5499231425444244
60,0.6,0.5245420868491459,0.47545791315085406,3.017851971856339,2.2390656432184635,2.4647741798875407,2.8857227124657268,3.0644033844361718,1.6128184256266271,2.6972372980583486,3.081500670940808,2.158359393793496,2.52530458180731,2.8392887924902626,3.0981000794753193,1.669470053002207,2.7980952380951885,2.9475273050755315,2.3281614632606686,2.397975848757795,2.9369404293810564,3.0272263031343676,1.5505033196802538,1.5505033196802538
61,0.61,0.5257668711656441,0.4742331288343558,3.0205775882873462,2.232970150947785,2.4685122041658607,2.8868248271976555,3.064943430195251,1.6132279473582098,2.7036558300610536,3.0838099680374373,2.152747049579269,2.52835865515814,2.8402932251331903,3.0983799856450225,1.6697030831305633,2.80432687853234,2.9504039306868517,2.3220572132492476,2.4021570993897567,2.938378306425587,3.027882899775943,1.550829504849413,1.550829504849413
62,0.62,0.5265885082142258,0.4734114917857743,3.022633414115436,2.227470656155856,2.4718218536537018,2.887890669047289,3.065611753172875,1.6140748854892282,2.709405454030401,3.0856178316043126,2.147601487644863,2.5312794089968005,2.841270844636909,3.0987658206266024,1.6701924440313205,2.8099620972836132,2.952512847312952,2.316500079048449,2.405680212168269,2.939705121825133,3.028746894355465,1.551866114778721,1.551866114778721
63,0.63,0.527795246230988,0.472204753769012,3.0243622189869988,2.2215170014665873,2.474621086825611,2.8885368209878686,3.066476676591978,1.614332003776056,2.715895217413464,3.0869377023950753,2.142252339464209,2.5340165844408378,2.8418058365934082,3.0992100596481804,1.670201820499992,2.816051099611894,2.954367356453753,2.3103500650945965,2.408236942309074,2.940729089451842,3.0299051392890575,1.552094944446442,1.552094944446442
64,0.64,0.5288244342908119,0.471175565709188,3.026140138799506,2.216569612161505,2.4775393007773014,2.8890916499483477,3.066768073246219,1.6149629535783872,2.72173264023027,3.0880230168516234,2.137954188373299,2.5368859887620085,2.8425010141240246,3.098930171800512,1.6708233347124535,2.82094515075669,2.9566431565148354,2.305036105114122,2.410928628234293,2.941352394425714,3.0306908533342747,1.5524863028912006,1.5524863028912006
65,0.65,0.5299151834554802,0.4700848165445199,3.02894998166024,2.2105603370665716,2.481269723158574,2.88997680777499,3.0677433665458356,1.6158923211043805,2.7283436845524824,3.0904784002699968,2.13190810682398,2.5409520668425682,2.843259138155228,3.0997103613691586,1.6719771727499704,2.827391903150686,2.959524172204345,2.2994706356207026,2.4139545974818772,2.942635748198878,3.031713848508031,1.5528617648743057,1.5528617648743057
66,0.66,0.5311158863230532,0.4688841136769468,3.0315372723675615,2.204848316428197,2.485001060484503,2.8910790424778017,3.0688114553175674,1.6169270977760524,2.73513598870466,3.092812505409663,2.1268120232662047,2.5444457940033316,2.8440251938549412,3.1004021657756247,1.6728342101595708,2.833349623010354,2.9620034966408673,2.2935230443471077,2.4175736582101597,2.944407048109427,3.0329991316018288,1.5537296679925958,1.5537296679925958
67,0.67,0.532058801507475,0.467941198492525,3.0334986299031925,2.198420685769992,2.4881195598464405,2.8917497954975455,3.0691424631506607,1.617579125829833,2.7419945998735082,3.095093744992255,2.120613587082991,2.547018082504775,2.844880871096493,3.1008333631813993,1.6735646961850663,2.8394533144160667,2.963334617880902,2.2871642889259887,2.421075891496495,2.945052948976598,3.0330813175467686,1.5540546722511386,1.5540546722511386
68,0.68,0.533186595357159,0.46681340464284105,3.035356105006702,2.1923947933282677,2.4920713529204095,2.8925851751732896,3.0700059677218037,1.6184104489346647,2.7487424582052733,3.096109074243813,2.114717496401682,2.550115800308801,2.845537428220368,3.100691435419803,1.6743802681815667,2.8460966542751223,2.9658101273791786,2.2812658334739346,2.4256853346787755,2.946357723233648,3.0349127357331316,1.5545729462501314,1.5545729462501314
69,0.6900000000000001,0.5345385789159424,0.4654614210840576,3.0381265319709088,2.1863789095413253,2.495890203215044,2.8934603768594425,3.0715140452285477,1.619292630555443,2.7552112389289354,3.0994106553512495,2.10927373453732,2.553534618075912,2.8466971509267904,3.1022586438019486,1.674982928032171,2.8519145214647375,2.967654840388619,2.27511189712002,2.429675450220494,2.947148196689674,3.0361993579409297,1.5554885469639674,1.5554885469639674
70,0.7000000000000001,0.5354127483148227,0.4645872516851773,3.0412437011611773,2.179733120557762,2.500507131205822,2.8948956843608844,3.0726352296244275,1.6204306453133346,2.762417351021166,3.102138183517682,2.1025678218596764,2.5574767632586113,2.8473534528105877,3.1032737862049076,1.6760114163745667,2.8586760950697925,2.970971257781074,2.2687314900638595,2.434832522960562,2.9496657036318474,3.037320509347296,1.5565126334279151,1.5565126334279151
71,0.71,0.5366641121707538,0.4633358878292461,3.0445886652508114,2.1736815823183817,2.5057594225449518,2.8957062695272247,3.0735887096771037,1.6214704322604385,2.76935587463659,3.1054400610025286,2.0971046140158047,2.5621050831086247,2.8480755000462676,3.1035362201810637,1.67633113411214,2.8650200591644874,2.973942923704135,2.2624613220814633,2.440414235705951,2.950895847178462,3.038864570898289,1.5579928796544882,1.5579928796544882
72,0.72,0.5379139085011498,0.4620860914988502,3.0477649422400805,2.167234037772341,2.5103039727912466,2.896802899637407,3.074676393564824,1.6227644804518102,2.7770482199187967,3.1083371317283386,2.0908210139479193,2.566099775598404,2.8493106787325746,3.1042157414550133,1.6776129354892482,2.872393228567317,2.9770258172227733,2.2562422473548684,2.4452127014907283,2.9521597795697962,3.0402230380836963,1.5589499139373075,1.5589499139373075
73,0.73,0.53939551094807,0.4606044890519299,3.050673640555131,2.1604277700677765,2.51527247181226,2.8975608111086566,3.0756287183304707,1.624514467134949,2.7851691595232535,3.1114292454853514,2.0852180675262795,2.5705459121120215,2.8499460462345976,3.1043654048144735,1.6793297746144722,2.879813852813948,2.9793115175332527,2.248674405636846,2.450426466135056,2.9533864755128163,3.0419219280038887,1.560372132347374,1.560372132347374
74,0.74,0.5409244216426773,0.4590755783573227,3.053075146177723,2.153617541354562,2.519553392671925,2.8984335216662798,3.0767691680880036,1.625644648960711,2.793347894672901,3.115481190142879,2.07893866237471,2.575693747910398,2.851358755205092,3.1054703224942934,1.6809661058605359,2.8879174038656243,2.979391315754952,2.241759227501695,2.4533561985860337,2.9539057043416967,3.0429248309996284,1.5605546792849632,1.5605546792849632
75,0.75,0.5425592370222123,0.4574407629777877,3.056596335786154,2.146846597346322,2.525238364069753,2.899222590682479,3.077996416176157,1.626967502449564,2.801913658167051,3.1191233407079646,2.072403161871981,2.581065930001387,2.852419136161322,3.1067266723891565,1.682139960607114,2.8965070370199184,2.982295432139336,2.235317777349168,2.458987161198288,2.9547213954117013,3.0439011856258684,1.5616478285918083,1.5616478285918083
76,0.76,0.5442090661551898,0.4557909338448102,3.060373751560549,2.1391493260043832,2.5308797267880654,2.900941816964264,3.0795482295476964,1.6286156687681925,2.81153371656552,3.1220749946330177,2.0650740242260097,2.58569976076555,2.854043914287946,3.1076939082560506,1.6833866983258983,2.905309542729254,2.9864109455865955,2.22771105108896,2.4652533150041527,2.957060315085197,3.0458491433829615,1.5632141936592492,1.5632141936592492
77,0.77,0.5455375362474493,0.4544624637525507,3.0626722698203643,2.1313767897718576,2.5358921839487185,2.9017194572886273,3.080193619481693,1.6302551069077826,2.8199991765366765,3.1242330526368085,2.0578438997465107,2.590528623386976,2.855306217858978,3.107671534307182,1.6847374138447708,2.9133738754586918,2.988455318639195,2.2196716372947267,2.4700989950502477,2.9575888520418587,3.047104285857835,1.5648116207217206,1.5648116207217206
78,0.78,0.5475234270414994,0.4524765729585007,3.0666290572089525,2.123191641620042,2.541970750999388,2.9028895783588395,3.0816091461639736,1.6322322878386464,2.8294258613513854,3.1266558004760427,2.0508736646902874,2.596351936898368,2.856877899782522,3.1084140709104635,1.6867928944836017,2.921511171576658,2.9936888930805745,2.2108602729316056,2.475962144116906,2.95871659634335,3.049077556869211,1.566174386749378,1.566174386749378
79,0.79,0.5502057613168724,0.44979423868312757,3.0691893979913236,2.1163715290770213,2.5479526503871353,2.9042081368953623,3.082622062113125,1.6343759784115814,2.8375082537966714,3.12856719394217,2.0459606393388383,2.600849816255945,2.857573151040644,3.1087029250873055,1.6888508938244853,2.9277959272569687,2.996225040564257,2.2026651564113466,2.483027659856726,2.9614370370371903,3.050609309449401,1.5676756873279607,1.5676756873279607
80,0.8,0.5521563868950908,0.4478436131049092,3.072307356880334,2.108806059272599,2.5537927267051663,2.9053709688102347,3.0832053812967195,1.6366882863171055,2.846827147268225,3.1321220562167635,2.0386171240269877,2.6065816571219003,2.859233212341346,3.1090093916657278,1.6908972002262443,2.9364101980424193,2.9981601618360014,2.1956955971303818,2.4884184047793734,2.962494831043525,3.051243379748233,1.5697248908296944,1.5697248908296944
81,0.81,0.5544475036312788,0.44555249636872113,3.0759423503325944,2.1002748253367334,2.560732510288066,2.9073207133785415,3.0840961413477914,1.6387259183572571,2.8567591793373595,3.134843740769185,2.031809512456742,2.613214253976717,2.861196286042363,3.1089480671305454,1.692692718691561,2.945502850831445,3.0021734305057155,2.1858526409893293,2.4950909562446744,2.965003723008317,3.0529840750111936,1.5713643942200815,1.5713643942200815
82,0.8200000000000001,0.5556864180026071,0.4443135819973929,3.079164211693758,2.092629189943965,2.5674594904392225,2.9077334729372692,3.0845625414093085,1.6414226596188621,2.8660086107319223,3.13824444098896,2.0247516374690138,2.6192584739156195,2.861132004513089,3.1093896713617095,1.6952790537795694,2.9540243596183626,3.0048139016085478,2.1779985022269344,2.5023422187377498,2.966282106810631,3.0533380569988955,1.5738651954059033,1.5738651954059033
83,0.8300000000000001,0.5580674456620451,0.4419325543379548,3.0825571588346383,2.0838665532416947,2.575266939885689,2.9083525158897903,3.086125667330847,1.6443737120989108,2.8773314549465407,3.140136622763908,2.0158398837439404,2.626515425304728,2.8620135587252236,3.109755293186625,1.6974838677816553,2.96466891579024,3.0093884008493275,2.170423600605134,2.510208124791458,2.967150770376677,3.0561140431710605,1.577096713654183,1.577096713654183
84,0.84,0.5606364642021044,0.4393635357978956,3.0856796305677876,2.0746338398710553,2.5833235684712132,2.910275777729938,3.0870710159701056,1.6473267520281498,2.888286231598897,3.142803897094515,2.007314349525375,2.635494524595863,2.8646831635129413,3.109909532779942,1.700118433886025,2.9757393553800573,3.0123887900355872,2.16122632193195,2.516444583091938,2.9686794554333145,3.05777320325776,1.5798102196284582,1.5798102196284582
85,0.85,0.5631724857268335,0.43682751427316646,3.0896899836068976,2.0654707581528307,2.5914635414500227,2.91071640023698,3.0881405237628923,1.650958915519647,2.8983490318656653,3.146065971201881,1.9980366007260528,2.643232044198895,2.8648357300089167,3.1096244825547497,1.7035206718346254,2.9858573866588185,3.0164901988839605,2.15307025986527,2.524316835467227,2.9701412203571094,3.0602498280631396,1.5829372282998138,1.5829372282998138
86,0.86,0.5652736523247949,0.4347263476752051,3.0926419325473478,2.0570250156907197,2.598896330744754,2.9115363882742704,3.089352224308176,1.6540357620320856,2.909276729559856,3.148046003990142,1.9896446780759358,2.650253020555468,2.8655757097792476,3.1102052069793964,1.7060890505209356,2.996137101242824,3.019921955226946,2.145305784268069,2.531582600647848,2.971713103986382,3.0620038913854657,1.5859475443558755,1.5859475443558755
87,0.87,0.5681444472552492,0.43185555274475085,3.097962157771513,2.0481939323838,2.6083347298364896,2.912793292655412,3.091912295042858,1.6587602176570702,2.9201284744863347,3.1533876644599013,1.9813706033863696,2.6597840699042177,2.867510358451759,3.111781330408677,1.7104315789473685,3.0062071881607166,3.0244414184081814,2.1370229007633967,2.54017086881505,2.9727158699999245,3.065578352993706,1.5904575054266155,1.5904575054266155
88,0.88,0.5713403653202984,0.4286596346797016,3.1041008033169213,2.03758687359556,2.6183622861000755,2.915178286754617,3.093685610704195,1.663096754901451,2.9317446184466642,3.1600880162491536,1.9723257827810832,2.670226727610083,2.870508543120058,3.1131017339637426,1.7146810634243717,3.0164917404399425,3.028627928202008,2.1252556174616215,2.54854087973681,2.975215034038622,3.0675678430892095,1.5938337597465886,1.5938337597465886
89,0.89,0.5742992927440781,0.42570070725592185,3.1087245287284855,2.0277880591064994,2.6285445171524886,2.9153946312205,3.094231753797365,1.668678584592702,2.943407314429276,3.1634987034590734,1.9611638954869386,2.6803729146221786,2.8707638375373685,3.111773790746426,1.7200589970501474,3.0289223454833905,3.033809555674518,2.1180556486758855,2.557754171972388,2.9762657163988955,3.0702981394305775,1.5986753968785585,1.5986753968785585
90,0.9,0.5772269080436124,0.42277309195638757,3.1136215461036945,2.0165540540540166,2.638451484409037,2.916386381070524,3.0948081029007493,1.6746902145147733,2.956015037594087,3.1678113308391236,1.9491483263938016,2.691010934819897,2.8718040749913674,3.111338393353664,1.7261955879984971,3.0427373546118766,3.0385185185185186,2.1090612244898437,2.5656996587030716,2.9780126185574267,3.0719392314566454,1.6035457443653618,1.6035457443653618
91,0.91,0.5810835544980324,0.4189164455019676,3.117259768051912,2.004014331930252,2.650561992045651,2.918065297744558,3.094981767668079,1.6822148986229326,2.968769375457265,3.17082768378235,1.935392720306558,2.701560468140442,2.8748110748111158,3.1101678144540883,1.733466978340632,3.05589273957027,3.041593804646515,2.0991945528523184,2.578644661165291,2.9789350497367217,3.073578222185045,1.6100674775074975,1.6100674775074975
92,0.92,0.5842815219070174,0.41571847809298257,3.123487530638447,1.994297799013055,2.6637504384084796,2.9199540805678246,3.0961478233636055,1.690494289166959,2.9813555999843757,3.173958264544674,1.9260108630054684,2.71391923204237,2.8772256591055583,3.109101788444846,1.7421000331235508,3.068588282611624,3.0511126893939395,2.090179832407526,2.591961917392952,2.981018474506471,3.0775968770828013,1.616712445538928,1.616712445538928
93,0.93,0.5885554574874963,0.4114445425125037,3.127592715967133,1.9833139690767754,2.6747518803685075,2.921182510600756,3.094774162793374,1.6979226934888068,2.995589353612206,3.1776163008465055,1.9137305502846624,2.72523673530738,2.878499735869013,3.1078009905221484,1.7484309230306674,3.084853543785097,3.0547403447523456,2.0829294795175706,2.6014405762304924,2.983151333649875,3.0758290373295774,1.6246044735406437,1.6246044735406437
94,0.9400000000000001,0.5942327497425335,0.4057672502574665,3.135079809286899,1.9682440522671922,2.694520903661387,2.9259413668711245,3.096676054379062,1.708977986605057,3.0111516414799744,3.1816666666666666,1.8992565380915205,2.7435279298062722,2.8837921378254574,3.107691860634101,1.7600521059487624,3.099413977083855,3.065614510715208,2.0696759259259374,2.6216748450413223,2.9885320440875973,3.0802717555930763,1.633052543248128,1.633052543248128
95,0.9500000000000001,0.5987903225806451,0.4012096774193548,3.14164144066226,1.9539746867012149,2.715389139991332,2.9305934939161222,3.095960538042165,1.7211068111455108,3.0290046801872266,3.1884780607548326,1.8835656334512338,2.7633415435139574,2.890741312476409,3.105890434484014,1.7703437660338635,3.119721239858505,3.0702028081123247,2.0593307392996154,2.642461370376151,2.9911855213059857,3.0808508414340867,1.6461943793911007,1.6461943793911007
96,0.96,0.6041666666666666,0.3958333333333333,3.1518994672226084,1.9404602705644942,2.739648634006656,2.9368085198120406,3.0977408586289874,1.734786311551564,3.0442178988326916,3.1976884103863203,1.8693625241468221,2.7846021860701575,2.897913213481226,3.107668111876269,1.7842470109386925,3.136801442183846,3.0803995253164556,2.0487737885030373,2.6696516920641202,2.997311472519696,3.08229145994573,1.6578452710724179,1.6578452710724179
97,0.97,0.6133734857299296,0.3866265142700705,3.1509497264374935,1.9253719008264638,2.759463233012721,2.935131463830183,3.0935781720096123,1.7514728682170542,3.0619962802231555,3.1966217340655683,1.850876601483479,2.8072942747454515,2.894743689825636,3.1032557100575118,1.8013552960800667,3.1576838916007226,3.076332245785753,2.0432764140874986,2.681552474170745,3.000846791265936,3.077838328792008,1.670210597826087,1.670210597826087
98,0.98,0.6191014701346766,0.38089852986532335,3.154128086419753,1.9181035831638242,2.790611488573193,2.9414272697577446,3.0894183168316856,1.7845120444718963,3.0722091748864733,3.1951489780842155,1.8425888324872972,2.843218249075216,2.9066468744845615,3.0918232772831917,1.8374630177514792,3.1717981232563965,3.0852625051674245,2.0394940840473192,2.702498967368856,2.999495158107293,3.085399449035824,1.6957644628099173,1.6957644628099173
99,0.99,0.6361213612136122,0.3638786387863879,3.1711300309597523,1.9005957980558053,2.8255813953488373,2.9552866549453456,3.0924031007751904,1.8290065096094235,3.0891331658291397,3.21234509056244,1.8233134920634928,2.886157517899761,2.9192837026409424,3.094168260038253,1.8809608965188365,3.1922542204568116,3.0947438162544167,2.0334185848252395,2.713274336283186,3.0217903415783307,3.0891438658428925,1.7325066430469442,1.7325066430469442
